2011/10/10,600815,12.68,12.75,12.45,12.53,1205462,15333320
2011/10/11,600815,12.82,12.9,12.38,12.53,1793579,22902500
2011/10/12,600815,12.45,12.89,12.33,12.85,3859899,49773152
2011/10/13,600815,12.86,13.03,12.75,12.89,4174322,54474172
2011/10/14,600815,12.85,12.88,12.61,12.68,2362514,30402422
2011/10/17,600815,12.75,12.95,12.61,12.68,2488696,32101022
2011/10/18,600815,12.61,12.61,12.26,12.27,4227929,53162048
2011/10/19,600815,12.27,12.43,11.82,11.85,4034725,48872872
2011/10/20,600815,11.81,11.95,11.13,11.87,5096395,59619132
2011/10/21,600815,11.75,11.75,11.46,11.54,2055072,24110838
2011/10/24,600815,11.58,11.91,11.41,11.81,3139252,37202096
2011/10/25,600815,11.85,12.09,11.76,12.03,3830719,46359800
2011/10/26,600815,11.94,12.43,11.87,12.08,7409712,91139144
2011/10/27,600815,12.06,12.18,11.95,12,3807170,46489208
2011/10/28,600815,12.17,12.21,12.04,12.15,4066752,49903340
2011/10/31,600815,12.15,12.15,11.73,11.75,10774278,129173392
2011/11/1,600815,11.69,11.76,11.52,11.65,7744091,91158696
2011/11/2,600815,11.45,11.95,11.4,11.92,6178558,73109976
2011/11/3,600815,11.95,12.41,11.92,12.14,10859328,133928424
2011/11/4,600815,12.17,12.23,11.97,12.14,4343300,53191920
2011/11/7,600815,12.05,12.13,11.95,11.96,3241747,39482752
2011/11/8,600815,12.05,12.11,11.82,11.85,2305552,27956140
2011/11/9,600815,11.95,12.13,11.73,12.11,5903163,71441808
2011/11/10,600815,11.95,12.02,11.87,11.88,2714602,32756288
2011/11/11,600815,11.84,11.95,11.7,11.81,2971573,35538488
2011/11/14,600815,11.87,11.98,11.83,11.95,4540899,54785732
2011/11/15,600815,11.91,12.04,11.85,12.01,5367646,64953280
2011/11/16,600815,12,12.04,11.54,11.73,5679682,67569296
2011/11/17,600815,11.7,11.75,11.53,11.56,3193325,37546420
2011/11/18,600815,11.43,11.52,11.13,11.14,3691275,42079892
2011/11/21,600815,11.1,11.26,11.08,11.24,1333615,15102022
2011/11/22,600815,11.15,11.19,10.9,11.06,2073200,23208724
2011/11/23,600815,11.08,11.1,10.91,10.94,1721221,19145412
2011/11/24,600815,10.9,10.9,10.55,10.68,5981856,64796412
2011/11/25,600815,10.6,10.8,10.47,10.76,4460318,48168476
2011/11/28,600815,10.71,10.81,10.43,10.49,3620929,38678996
2011/11/29,600815,10.57,10.67,10.31,10.49,7357185,77731968
2011/11/30,600815,10.45,10.46,9.63,9.69,7385311,74687296
2011/12/1,600815,9.91,10.02,9.65,9.71,15923470,159701360
2011/12/2,600815,9.66,9.66,9.04,9.18,10684355,100248824
2011/12/5,600815,9.18,9.19,8.9,8.93,6524580,59735316
2011/12/6,600815,9.01,9.08,8.91,9,5411957,49416960
2011/12/7,600815,9,9.07,8.94,9.03,5173268,47405688
2011/12/8,600815,9.03,9.04,8.65,8.95,8060878,72751936
2011/12/9,600815,8.81,8.92,8.75,8.8,3463526,31083152
2011/12/12,600815,8.75,8.84,8.62,8.65,3917556,34698776
2011/12/13,600815,8.65,8.65,8.24,8.27,5583680,47802608
2011/12/14,600815,8.23,8.41,8.17,8.21,4569794,38588508
2011/12/15,600815,8.15,8.28,8,8.03,4766948,39550104
2011/12/16,600815,8.07,8.24,7.94,8.22,5006280,41355544
2011/12/19,600815,8.15,8.15,7.75,8,10090633,81430624
2011/12/20,600815,7.97,8.16,7.9,8.02,9935802,81440280
2011/12/21,600815,8.1,8.12,7.63,7.67,5974821,48251156
2011/12/22,600815,7.61,7.92,7.36,7.73,7744490,60006088
2011/12/23,600815,7.67,8.48,7.61,8.05,16330012,133935664
2011/12/26,600815,7.97,8.15,7.95,8,6403352,52515040
2011/12/27,600815,8,8.01,7.73,7.79,3878073,31083976
2011/12/28,600815,7.76,7.85,7.52,7.85,6358693,49998108
2011/12/29,600815,7.79,8.01,7.75,7.94,6504364,52570064
2011/12/30,600815,7.97,8.03,7.92,7.97,6234762,50603488
2012/1/4,600815,8.05,8.09,7.6,7.61,4656480,37312548
2012/1/5,600815,7.55,7.65,7.3,7.58,5240993,40069352
2012/1/6,600815,7.5,7.8,7.43,7.74,3216366,24928764
2012/1/9,600815,7.75,8.17,7.55,8.15,7754186,63371064
2012/1/10,600815,8.15,8.7,8.1,8.6,15882311,136273568
2012/1/11,600815,8.56,8.57,8.37,8.46,8965643,77253128
2012/1/12,600815,8.42,8.58,8.34,8.39,5554514,47773912
2012/1/13,600815,8.45,8.47,8.06,8.13,7396509,61731912
2012/1/16,600815,8.08,8.24,7.97,7.98,4478377,36970120
2012/1/17,600815,7.98,8.5,7.94,8.49,8792424,74131688
2012/1/18,600815,8.51,9.03,8.5,8.63,22093571,197543984
2012/1/19,600815,8.57,8.89,8.56,8.84,11245061,100228376
2012/1/20,600815,8.9,9.04,8.73,8.99,8538043,77378576
2012/1/30,600815,8.97,8.97,8.65,8.65,5418126,48418888
2012/1/31,600815,8.67,8.71,8.42,8.56,7425591,64415936
2012/2/1,600815,8.55,8.61,8.36,8.41,5143233,44511048
2012/2/2,600815,8.44,8.64,8.4,8.64,5298431,45940872
2012/2/3,600815,8.56,8.74,8.49,8.72,7403843,65121824
2012/2/6,600815,8.74,8.74,8.57,8.66,5754012,50726680
2012/2/7,600815,8.62,8.62,8.38,8.4,4955999,42625200
2012/2/8,600815,8.38,8.7,8.38,8.69,10264571,89813072
2012/2/9,600815,8.69,8.85,8.6,8.77,11095914,98735280
2012/2/10,600815,8.75,8.97,8.71,8.8,11787668,105907080
2012/2/13,600815,8.7,8.94,8.63,8.89,7693987,68875464
2012/2/14,600815,8.85,8.92,8.75,8.79,5418503,48590644
2012/2/15,600815,8.83,9.13,8.7,9.02,11054053,100682416
2012/2/16,600815,8.96,9.15,8.89,8.99,9624802,88245640
2012/2/17,600815,9.02,9.19,8.97,9.01,11586971,106604464
2012/2/20,600815,9.1,9.21,8.89,8.9,13332994,122928072
2012/2/21,600815,8.91,8.95,8.68,8.94,9047947,81281360
2012/2/22,600815,8.9,9.1,8.88,9.05,11509502,105391528
2012/2/23,600815,9.06,9.31,9.05,9.3,17062951,159254432
2012/2/24,600815,9.3,9.49,9.17,9.44,14654422,139019888
2012/2/27,600815,9.52,9.6,9.3,9.31,21836820,209984224
2012/2/28,600815,9.27,9.49,9.22,9.48,14387126,136493952
2012/2/29,600815,9.41,9.51,9.26,9.27,12019762,114719728
2012/3/1,600815,9.19,9.33,9.19,9.29,7175355,67572400
2012/3/2,600815,9.55,9.69,9.35,9.45,19002449,182875488
2012/3/5,600815,9.45,9.6,9.44,9.49,15896450,153435104
2012/3/6,600815,9.23,9.23,8.93,8.98,20461438,188420336
2012/3/7,600815,8.86,9.04,8.76,8.86,12058027,108939896
2012/3/8,600815,8.87,9.05,8.87,8.94,9199686,83912472
2012/3/9,600815,8.99,9.14,8.94,9.09,8762168,80580936
2012/3/12,600815,9.1,9.12,8.99,9.08,7907021,72697192
2012/3/13,600815,9.08,9.46,9.05,9.4,16710783,158102432
2012/3/14,600815,9.39,9.46,8.85,8.89,17409824,162832672
2012/3/15,600815,8.88,8.95,8.53,8.65,9525920,84312592
2012/3/16,600815,8.68,8.8,8.62,8.78,5923364,52630776
2012/3/19,600815,8.78,8.85,8.7,8.84,4889128,43709660
2012/3/20,600815,8.81,8.85,8.62,8.72,5086664,45137144
2012/3/21,600815,8.76,8.87,8.51,8.59,9147907,80478480
2012/3/22,600815,8.64,8.7,8.48,8.57,5317833,46372608
2012/3/23,600815,8.51,8.58,7.85,8.4,8066216,68587408
2012/3/26,600815,8.28,8.33,8.15,8.21,5161410,43192588
2012/3/27,600815,8.25,8.3,7.89,8.1,14068373,115563128
2012/3/28,600815,8.02,8.05,7.55,7.68,9561100,75711600
2012/3/29,600815,7.6,7.65,7.35,7.48,10910200,83234280
2012/4/5,600815,7.47,8.1,7.38,7.84,13361462,105308944
2012/4/6,600815,7.79,8.04,7.67,7.73,7925212,62843500
2012/4/9,600815,7.72,7.79,7.54,7.57,6102217,47640392
2012/4/10,600815,7.53,7.72,7.37,7.71,4732735,36358364
2012/4/11,600815,7.57,7.77,7.55,7.68,4416490,34473728
2012/4/12,600815,7.7,7.85,7.66,7.84,8889176,70339128
2012/4/13,600815,7.84,8.01,7.83,7.9,10197020,82220488
2012/4/16,600815,7.85,7.88,7.75,7.81,6178709,49202636
2012/4/17,600815,7.81,7.87,7.71,7.79,5221535,41359116
2012/4/18,600815,7.78,8.23,7.77,8.16,14226441,116794904
2012/4/19,600815,8.15,8.33,8.06,8.25,10413251,86834608
2012/4/20,600815,8.19,8.6,8.15,8.48,14745405,126413520
2012/4/24,600815,8.3,8.57,8.01,8.5,10528337,88920512
2012/4/25,600815,8.44,8.69,8.28,8.64,10873548,94497824
2012/4/26,600815,8.65,8.85,8.57,8.71,9658692,85622704
2012/4/27,600815,8.69,8.85,8.55,8.72,8117414,71805664
2012/5/2,600815,8.95,9.1,8.81,8.93,23218262,212180064
2012/5/3,600815,8.87,9.28,8.86,9.2,17514938,161700336
2012/5/4,600815,9.16,9.25,9.04,9.12,10875844,100849624
2012/5/7,600815,9.03,9.09,8.88,9.02,9908408,90357072
2012/5/8,600815,9.02,9.03,8.85,8.94,7492342,67964984
2012/5/9,600815,8.88,8.88,8.45,8.51,12734693,111813712
2012/5/10,600815,8.46,8.62,8.46,8.54,6584598,57300100
2012/5/11,600815,8.53,8.68,8.31,8.36,10048826,86824792
2012/5/14,600815,8.46,8.56,8.35,8.41,7624656,65753596
2012/5/15,600815,8.36,8.6,8.31,8.58,6027112,51839984
2012/5/16,600815,8.52,8.61,8.35,8.36,5001189,43229880
2012/5/17,600815,8.4,8.57,8.36,8.54,5213477,45041152
2012/5/18,600815,8.45,8.48,8.12,8.21,8535785,72030752
2012/5/21,600815,8.24,8.27,8.08,8.21,5015351,41858904
2012/5/22,600815,8.22,8.55,8.22,8.54,10122791,86975016
2012/5/23,600815,8.53,8.84,8.5,8.74,12407426,108620296
2012/5/24,600815,8.82,9.12,8.76,8.88,23349526,211053424
2012/5/25,600815,8.86,9,8.76,8.83,10599684,94635944
2012/5/28,600815,8.8,9.72,8.75,9.72,35334297,333474720
2012/5/29,600815,10.2,10.7,10.19,10.7,119807195,1271094528
2012/5/30,600815,10.4,10.48,10.24,10.44,64588990,672523904
2012/5/31,600815,10.3,10.39,10.07,10.16,35381078,362697568
2012/6/1,600815,10.17,10.33,9.79,9.93,38145592,385048416
2012/6/4,600815,9.72,9.88,9.62,9.7,29139056,286078784
2012/6/5,600815,9.8,9.84,9.4,9.45,30063661,289428608
2012/6/6,600815,9.53,9.63,9.4,9.55,20631652,197364544
2012/6/7,600815,9.69,9.7,9.26,9.27,21052322,200479152
2012/6/8,600815,9.36,9.67,9.34,9.42,31588056,301725088
2012/6/11,600815,9.46,9.8,9.3,9.79,28559017,275596640
2012/6/12,600815,9.65,9.76,9.56,9.64,17902732,173714032
2012/6/13,600815,9.69,10.02,9.56,9.9,28902871,285815168
2012/6/14,600815,9.83,9.9,9.56,9.59,20252342,197543376
2012/6/15,600815,9.59,9.67,9.11,9.33,23367534,219682256
2012/6/18,600815,9.37,9.46,9.26,9.37,10971175,103421456
2012/6/19,600815,9.35,9.35,9.08,9.1,13103189,120731024
2012/6/20,600815,9.12,9.2,9.01,9.11,8520391,77950152
2012/6/21,600815,9.11,9.19,9.03,9.16,9313197,85466616
2012/6/25,600815,9.08,9.11,8.85,8.88,9240201,83313048
2012/6/26,600815,8.83,9.01,8.77,8.99,9528062,85616648
2012/6/27,600815,9,9.07,8.87,8.92,8230307,74316056
2012/6/28,600815,8.97,9.2,8.81,9.02,15985175,145753440
2012/6/29,600815,8.95,9.27,8.89,9.2,13007505,119403864
2012/7/2,600815,9.27,9.27,9.08,9.15,9911521,91168072
2012/7/3,600815,9.19,9.19,8.23,8.25,40751637,351399456
2012/7/4,600815,8.19,8.19,7.75,7.9,21519826,171362960
2012/7/5,600815,7.84,7.84,7.65,7.78,9864941,76794792
2012/7/6,600815,7.82,8.03,7.67,7.99,13561775,107159696
2012/7/9,600815,7.9,7.92,7.57,7.6,9550082,74511176
2012/7/10,600815,7.61,7.65,7.48,7.6,5986941,45560156
2012/7/11,600815,7.6,7.91,7.56,7.83,11143254,87355224
2012/7/12,600815,7.76,7.93,7.61,7.85,10649921,83585784
2012/7/13,600815,7.81,8.07,7.78,7.86,13193525,105524664
2012/7/16,600815,7.88,7.92,7.48,7.5,9100599,69578032
2012/7/17,600815,7.45,7.61,7.43,7.57,6225792,47121960
2012/7/18,600815,7.54,7.54,7.26,7.49,9861559,73390952
2012/7/19,600815,7.44,7.76,7.4,7.64,12271905,94507224
2012/7/20,600815,7.56,7.61,7.45,7.49,7570774,57351192
2012/7/23,600815,7.44,7.44,7.3,7.37,5677382,42105944
2012/7/24,600815,7.32,7.48,7.29,7.38,5512006,41003184
2012/7/25,600815,7.35,7.43,7.31,7.32,4043769,29989292
2012/7/26,600815,7.34,7.41,7.25,7.26,5704614,42153488
2012/7/27,600815,7.3,7.33,7.24,7.27,4281287,31387014
2012/7/30,600815,7.27,7.44,7.27,7.33,7262014,53902072
2012/7/31,600815,7.3,7.37,7.16,7.18,6270692,45698644
2012/8/1,600815,7.17,7.49,7.16,7.41,10022415,74429808
2012/8/2,600815,7.36,7.41,7.24,7.3,5433150,39997416
2012/8/3,600815,7.37,7.42,7.28,7.42,5055931,37467112
2012/8/6,600815,7.39,7.59,7.33,7.57,9884646,74292640
2012/8/7,600815,7.57,7.67,7.52,7.63,7828956,59765456
2012/8/8,600815,7.6,7.89,7.47,7.73,15493071,119903936
2012/8/9,600815,7.65,7.73,7.57,7.71,11280083,86952520
2012/8/10,600815,7.65,7.77,7.6,7.64,8048109,62214340
2012/8/13,600815,7.63,7.63,7.29,7.3,9182313,68785880
2012/8/14,600815,7.3,7.38,7.19,7.38,5598957,41131312
2012/8/15,600815,7.34,7.36,7.26,7.27,3675583,26982870
2012/8/16,600815,7.28,7.32,7.23,7.25,3108494,22766708
2012/8/17,600815,7.28,7.28,7.21,7.28,3033610,22141448
2012/8/20,600815,7.25,7.28,7.16,7.25,2831059,20538208
2012/8/21,600815,7.25,7.36,7.22,7.32,4835701,35586600
2012/8/22,600815,7.35,7.35,7.2,7.22,3545251,25907772
2012/8/23,600815,7.23,7.29,7.18,7.26,4868274,35474792
2012/8/24,600815,7.24,7.26,7.04,7.05,4847789,34845800
2012/8/27,600815,6.98,7.01,6.56,6.59,9045428,61138800
2012/8/28,600815,6.53,6.67,6.48,6.58,6207053,41121800
2012/8/29,600815,6.57,6.57,6.25,6.27,8347621,53890440
2012/8/30,600815,6.27,6.34,6.07,6.18,6037272,37789808
2012/8/31,600815,6.15,6.22,6.08,6.17,4717623,29355640
2012/9/3,600815,6.15,6.27,6.09,6.24,5939627,37105656
2012/9/4,600815,6.22,6.25,5.96,6.01,8895161,54622316
2012/9/5,600815,5.96,6.03,5.92,5.98,6760888,40656808
2012/9/6,600815,6.03,6.14,6.02,6.1,7557483,46380896
2012/9/7,600815,6.25,6.72,6.25,6.72,15593239,103378096
2012/9/10,600815,7.29,7.4,7.03,7.17,59723084,436708704
2012/9/11,600815,7,7.56,6.91,7.4,52015363,383135968
2012/9/12,600815,7.43,7.46,7.13,7.37,26970921,197325504
2012/9/13,600815,7.3,7.3,7.01,7.05,15403492,111520600
2012/9/14,600815,7.16,7.29,6.93,7.09,17337283,124403752
2012/9/17,600815,7.03,7.05,6.73,6.73,13670229,94475816
2012/9/18,600815,6.68,6.85,6.64,6.7,6913080,46814920
2012/9/19,600815,6.7,6.83,6.7,6.78,5608406,38242716
2012/9/20,600815,6.75,6.75,6.26,6.34,9368280,61441752
2012/9/21,600815,6.33,6.52,6.28,6.37,7337284,47358408
2012/9/24,600815,6.28,6.75,6.25,6.59,11903736,78692920
2012/9/25,600815,6.52,6.6,6.34,6.4,8781062,57161560
2012/9/26,600815,6.36,6.4,6.25,6.29,5068330,32197758
2012/9/27,600815,6.29,6.61,6.25,6.51,10173828,66378368
2012/9/28,600815,6.45,6.75,6.43,6.7,12572969,84318264
2012/10/8,600815,6.72,6.77,6.56,6.61,6765623,45359220
2012/10/9,600815,6.62,6.9,6.62,6.83,10849811,74376888
2012/10/10,600815,6.76,6.86,6.72,6.86,8604768,58999988
2012/10/11,600815,6.83,6.87,6.66,6.67,7773449,52927676
2012/10/12,600815,6.7,6.81,6.47,6.6,6269929,41823488
2012/10/15,600815,6.57,6.6,6.33,6.43,6136472,39799232
2012/10/16,600815,6.45,6.51,6.34,6.41,4267748,27668020
2012/10/17,600815,6.44,6.48,6.34,6.43,3439758,22233646
2012/10/18,600815,6.44,6.64,6.4,6.62,8081185,53494724
2012/10/19,600815,6.64,6.84,6.6,6.69,9327204,63165244
2012/10/22,600815,6.63,6.68,6.54,6.67,5532468,36884412
2012/10/23,600815,6.67,6.71,6.5,6.52,6735244,44678984
2012/10/24,600815,6.45,6.6,6.43,6.55,4485308,29472064
2012/10/25,600815,6.55,6.66,6.48,6.5,4848566,32060436
2012/10/26,600815,6.48,6.53,6.15,6.21,8636346,54773780
2012/10/29,600815,6.2,6.25,6.14,6.17,2326968,14532152
2012/10/30,600815,6.2,6.26,6.13,6.19,3141448,19631400
2012/10/31,600815,6.2,6.27,6.15,6.27,3604129,22618172
2012/11/1,600815,6.29,6.48,6.26,6.42,7732134,49847960
2012/11/2,600815,6.46,6.48,6.31,6.42,5375913,34717420
2012/11/5,600815,6.36,6.56,6.36,6.5,5719315,37322076
2012/11/6,600815,6.44,6.5,6.23,6.36,6411371,40864444
2012/11/7,600815,6.35,6.41,6.29,6.33,2911876,18599168
2012/11/8,600815,6.25,6.26,6.13,6.13,4374344,27310828
2012/11/9,600815,6.14,6.2,6.1,6.2,2843871,17640772
2012/11/12,600815,6.2,6.25,6.12,6.2,2970599,18509094
2012/11/13,600815,6.18,6.18,6.03,6.05,3341067,20512828
2012/11/14,600815,6.05,6.13,6.02,6.12,1995563,12224692
2012/11/15,600815,6.06,6.1,5.96,5.98,2725700,16551169
2012/11/16,600815,5.98,5.99,5.91,5.96,2478353,14839992
2012/11/19,600815,5.96,6.08,5.92,6.07,3301449,19946400
2012/11/20,600815,6.08,6.1,5.98,5.98,2511204,15289111
2012/11/21,600815,5.98,6.09,5.92,6.08,3207858,19451366
2012/11/22,600815,6.04,6.06,5.96,6.02,2159432,13085272
2012/11/23,600815,6.03,6.09,5.99,6.03,2496174,15222397
2012/11/26,600815,6.06,6.14,6,6.01,2303635,14063748
2012/11/27,600815,5.96,5.96,5.75,5.75,3520441,20731480
2012/11/28,600815,5.76,5.76,5.56,5.58,3495744,19801904
2012/11/29,600815,5.58,5.88,5.58,5.65,5293648,30618120
2012/11/30,600815,5.6,5.81,5.58,5.75,4624369,26742872
2012/12/3,600815,5.69,5.77,5.55,5.57,3708055,21069872
2012/12/4,600815,5.53,5.71,5.51,5.7,3628675,20516284
2012/12/5,600815,5.69,6.28,5.66,6.28,17867145,110819824
2012/12/6,600815,6.35,6.37,6.17,6.25,18496734,117266360
2012/12/7,600815,6.19,6.62,6.13,6.45,23794313,154111104
2012/12/10,600815,6.39,6.62,6.31,6.52,19148009,125394608
2012/12/11,600815,6.45,6.5,6.37,6.38,10523561,68068992
2012/12/12,600815,6.35,6.6,6.33,6.41,9237126,60100780
2012/12/13,600815,6.35,6.39,6.23,6.24,8138828,51623216
2012/12/14,600815,6.24,6.86,6.24,6.68,25985548,173145872
2012/12/17,600815,6.67,6.83,6.59,6.68,22122550,149025216
2012/12/18,600815,6.68,6.88,6.6,6.7,18208622,123578776
2012/12/19,600815,6.62,7.17,6.53,6.84,31413744,214810560
2012/12/20,600815,6.76,6.82,6.6,6.69,18746892,127051104
2012/12/27,600815,6.85,7.09,6.73,6.74,27799016,193099760
2012/12/28,600815,6.68,6.78,6.63,6.76,11955862,80920496
2012/12/31,600815,6.8,6.95,6.67,6.94,16579558,113933872
2013/1/4,600815,6.94,6.99,6.78,6.81,12530082,86596960
2013/1/7,600815,6.78,6.81,6.7,6.8,8068550,54969140
2013/1/8,600815,6.66,6.77,6.62,6.69,24754389,166975152
2013/1/9,600815,6.64,6.76,6.62,6.69,13493914,91019344
2013/1/10,600815,6.67,6.87,6.66,6.75,19317199,131759488
2013/1/11,600815,6.73,6.8,6.42,6.46,21454085,141903040
2013/1/14,600815,6.43,6.68,6.43,6.63,20653333,136935712
2013/1/15,600815,6.64,6.93,6.63,6.83,31854437,217807072
2013/1/16,600815,6.8,6.92,6.7,6.85,24461815,167702976
2013/1/17,600815,6.84,6.85,6.7,6.73,14506352,98747064
2013/1/18,600815,6.78,6.85,6.69,6.81,14823289,101370784
2013/1/21,600815,6.84,7.09,6.77,7.04,32734174,229487024
2013/1/22,600815,6.99,7.02,6.73,6.8,20816880,144243072
2013/1/23,600815,6.75,6.82,6.64,6.75,11776732,79763936
2013/1/24,600815,6.73,6.99,6.62,6.65,24770240,169784096
2013/1/25,600815,6.62,6.67,6.52,6.56,13986026,92680120
2013/1/28,600815,6.6,6.85,6.57,6.82,17016983,115731600
2013/1/29,600815,6.81,6.92,6.8,6.83,13958389,96313952
2013/1/30,600815,6.74,6.74,6.51,6.62,29934094,199196496
2013/1/31,600815,6.58,6.71,6.55,6.67,16239602,108516056
2013/2/1,600815,6.63,6.87,6.57,6.83,27304134,185368608
2013/2/4,600815,6.84,7.13,6.76,6.89,42628231,298651168
2013/2/5,600815,6.8,7.26,6.76,7.14,41011921,290844576
2013/2/6,600815,7.14,7.23,7.01,7.06,22929588,163631472
2013/2/7,600815,7.07,7.11,6.98,7.1,15017015,106556368
2013/2/8,600815,7.11,7.14,7.02,7.04,15927987,113491528
2013/2/18,600815,7.05,7.08,6.87,6.95,19846892,138984176
2013/2/19,600815,6.94,6.95,6.71,6.75,15425557,105656136
2013/2/20,600815,6.74,6.82,6.72,6.81,15404544,104848272
2013/2/21,600815,6.76,6.76,6.51,6.59,20073434,133512976
2013/2/22,600815,6.56,6.63,6.5,6.54,12700297,84096568
2013/2/25,600815,6.58,6.63,6.52,6.59,10321734,68376912
2013/2/26,600815,6.55,6.61,6.34,6.35,17552064,114751888
2013/2/27,600815,6.38,6.44,6.32,6.38,10615197,68163696
2013/2/28,600815,6.4,6.52,6.31,6.51,16229272,105256616
2013/3/1,600815,6.49,6.57,6.39,6.47,15170760,98811600
2013/3/4,600815,6.39,6.4,6.01,6.08,19356404,120497040
2013/3/5,600815,6.07,6.17,6.04,6.16,8810657,54295912
2013/3/6,600815,6.18,6.24,6.16,6.22,9888834,61786768
2013/3/7,600815,6.19,6.27,6.14,6.19,10322540,64405792
2013/3/8,600815,6.19,6.22,6.13,6.16,5322285,33128968
2013/3/11,600815,6.15,6.17,6.08,6.14,4524137,27953828
2013/3/12,600815,6.15,6.3,6.04,6.19,12182826,75856360
2013/3/13,600815,6.15,6.2,6.08,6.12,5558182,34392532
2013/3/14,600815,6.13,6.33,6.09,6.32,19100073,120237160
2013/3/15,600815,6.36,6.58,6.29,6.39,31505956,204783168
2013/3/18,600815,6.33,6.38,6.12,6.16,14936801,93791376
2013/3/19,600815,6.15,6.22,6.01,6.1,9462403,58099476
2013/3/20,600815,6.11,6.29,6.08,6.28,10970596,68608064
2013/3/21,600815,6.28,6.32,6.22,6.26,9956755,63003856
2013/3/22,600815,6.23,6.3,6.17,6.22,7551292,47419576
2013/3/25,600815,6.23,6.24,6.15,6.21,6723356,41932432
2013/3/26,600815,6.19,6.19,6.05,6.1,7276441,44780072
2013/3/27,600815,6.1,6.15,6.06,6.1,5313420,32682252
2013/3/28,600815,6.06,6.06,5.85,5.87,12184410,72741528
2013/3/29,600815,5.86,5.91,5.8,5.83,7193216,42340452
2013/4/1,600815,5.82,5.89,5.78,5.82,5831554,34354356
2013/4/2,600815,5.83,5.91,5.81,5.83,6336423,37386268
2013/4/3,600815,5.84,5.88,5.79,5.84,5097765,29982084
2013/4/8,600815,5.8,5.8,5.64,5.73,7472289,42907736
2013/4/9,600815,5.74,5.82,5.73,5.8,8955107,52151564
2013/4/10,600815,5.8,5.81,5.7,5.77,10386995,60296704
2013/4/11,600815,5.81,5.83,5.74,5.75,6850895,39996840
2013/4/12,600815,5.75,5.8,5.65,5.68,7149005,41273356
2013/4/15,600815,5.66,5.66,5.55,5.58,6844051,38567720
2013/4/16,600815,5.55,5.68,5.51,5.68,6194184,35065160
2013/4/17,600815,5.66,5.68,5.6,5.65,4276330,24332192
2013/4/18,600815,5.64,5.69,5.6,5.65,3743462,21354328
2013/4/19,600815,5.65,5.79,5.65,5.77,7501059,43462984
2013/4/22,600815,5.77,5.92,5.77,5.79,9706871,57029688
2013/4/23,600815,5.79,5.79,5.56,5.57,7497196,42647424
2013/4/24,600815,5.56,5.66,5.54,5.62,5869953,33171380
2013/4/25,600815,5.58,5.58,5.18,5.26,20117158,107993392
2013/4/26,600815,5.23,5.28,5.11,5.12,9571305,49918348
2013/5/2,600815,5.12,5.13,5.05,5.09,5593466,28692704
2013/5/3,600815,5.11,5.21,5.11,5.14,5934683,30949280
2013/5/6,600815,5.15,5.23,5.14,5.2,6738529,35272532
2013/5/7,600815,5.21,5.24,5.15,5.23,5654073,29619184
2013/5/8,600815,5.23,5.29,5.17,5.21,6103369,32126084
2013/5/9,600815,5.2,5.2,5.08,5.12,7912294,40998388
2013/5/10,600815,5.11,5.22,5.1,5.21,5250707,27357230
2013/5/13,600815,5.21,5.22,5.15,5.18,4911586,25703086
2013/5/14,600815,5.18,5.18,5.07,5.11,4611090,23816342
2013/5/15,600815,5.11,5.15,5.09,5.14,4279444,22100198
2013/5/16,600815,5.13,5.3,5.09,5.25,10525371,55247728
2013/5/17,600815,5.24,5.32,5.2,5.29,11977647,63661396
2013/5/20,600815,5.33,5.35,5.29,5.33,10431742,55989796
2013/5/21,600815,5.33,5.35,5.29,5.33,10209525,54818624
2013/5/22,600815,5.33,5.47,5.31,5.38,15289207,83069768
2013/5/23,600815,5.34,5.37,5.25,5.26,10982215,58850436
2013/5/24,600815,5.27,5.29,5.21,5.27,7970855,42229248
2013/5/27,600815,5.25,5.29,5.16,5.22,7394739,39051904
2013/5/28,600815,5.21,5.35,5.18,5.34,14014486,74748744
2013/5/29,600815,5.32,5.38,5.32,5.34,11201210,60450072
2013/5/30,600815,5.33,5.38,5.29,5.37,9487371,50992280
2013/5/31,600815,5.36,5.43,5.33,5.34,10406839,56584916
2013/6/3,600815,5.32,5.37,5.29,5.32,5528487,29777396
2013/6/4,600815,5.32,5.33,5.14,5.16,10207473,53720524
2013/6/5,600815,5.16,5.17,5.11,5.15,5184569,26913912
2013/6/6,600815,5.13,5.2,5.11,5.12,4425638,22990940
2013/6/7,600815,5.12,5.17,4.98,4.99,7325368,37397992
2013/6/13,600815,4.96,4.96,4.7,4.77,6414203,31075424
2013/6/14,600815,4.78,4.82,4.75,4.78,3782987,18278932
2013/6/17,600815,4.8,4.82,4.72,4.73,4515716,21730108
2013/6/18,600815,4.73,4.76,4.68,4.71,2985151,14245265
2013/6/19,600815,4.71,4.71,4.49,4.62,7330553,33963360
2013/6/20,600815,4.6,4.6,4.44,4.46,4678330,21410436
2013/6/21,600815,4.4,4.43,4.34,4.4,5390973,23956088
2013/6/24,600815,4.39,4.41,3.96,4.02,8037290,34038796
2013/6/25,600815,3.98,4,3.61,3.9,11120190,43193152
2013/6/26,600815,3.91,3.96,3.84,3.89,6122141,24120042
2013/6/27,600815,3.91,3.98,3.8,3.81,6949193,27543856
2013/6/28,600815,3.81,3.91,3.7,3.83,6352270,24644640
2013/7/1,600815,3.81,3.9,3.79,3.89,6006235,23463152
2013/7/2,600815,3.89,3.91,3.81,3.87,4749161,18527724
2013/7/3,600815,3.85,3.85,3.74,3.77,5177216,19870972
2013/7/4,600815,3.75,4.1,3.71,3.94,13230893,52718264
2013/7/5,600815,3.91,3.99,3.89,3.91,8960732,35647016
2013/7/8,600815,3.84,3.84,3.73,3.74,6260479,23949552
2013/7/9,600815,3.74,3.79,3.72,3.76,3243776,12339007
2013/7/10,600815,3.78,3.99,3.75,3.97,7124831,27639108
2013/7/11,600815,3.97,4.28,3.94,4.12,18436168,75854264
2013/7/12,600815,4.1,4.11,3.97,3.99,11666952,47167692
2013/7/15,600815,3.98,4.08,3.98,4.03,7196642,28968928
2013/7/16,600815,4.03,4.06,3.96,4.05,5862621,23584112
2013/7/17,600815,4.05,4.12,4.01,4.03,6486648,26308882
2013/7/18,600815,4.02,4.02,3.93,3.95,5070985,20106724
2013/7/19,600815,3.95,3.98,3.79,3.8,6054903,23576724
2013/7/22,600815,3.74,3.79,3.65,3.77,6700457,25040498
2013/7/23,600815,3.79,3.91,3.75,3.9,8536356,32883624
2013/7/24,600815,3.87,3.88,3.79,3.83,5909345,22683206
2013/7/25,600815,3.86,3.91,3.8,3.81,5253844,20217848
2013/7/26,600815,3.82,3.82,3.74,3.77,4120246,15535396
2013/7/29,600815,3.75,3.75,3.68,3.68,4488118,16642689
2013/7/30,600815,3.68,3.77,3.65,3.73,3791238,14075665
2013/7/31,600815,3.7,3.79,3.7,3.78,6269961,23594916
2013/8/1,600815,3.81,3.95,3.81,3.89,13504065,52517440
2013/8/2,600815,3.89,3.97,3.86,3.88,8967913,35075400
2013/8/5,600815,3.88,3.92,3.85,3.91,5336804,20728808
2013/8/6,600815,3.91,4.3,3.86,4.22,28566668,117530920
2013/8/7,600815,4.15,4.34,4.14,4.22,33526448,141931392
2013/8/8,600815,4.22,4.34,4.17,4.26,30233390,128376864
2013/8/9,600815,4.23,4.37,4.15,4.2,17476108,74164952
2013/8/12,600815,4.19,4.33,4.18,4.25,14206742,60184948
2013/8/13,600815,4.26,4.36,4.24,4.33,16686692,72052048
2013/8/14,600815,4.33,4.35,4.18,4.22,13559364,57815280
2013/8/15,600815,4.21,4.24,4.08,4.09,11619292,48355936
2013/8/16,600815,4.05,4.25,4.04,4.05,11976769,49266392
2013/8/19,600815,4.04,4.11,4.01,4.1,6325367,25608340
2013/8/20,600815,4.07,4.14,4.02,4.05,5918253,24143112
2013/8/21,600815,4.03,4.08,4.01,4.08,5281813,21390904
2013/8/22,600815,4.05,4.11,4.04,4.07,5104977,20807636
2013/8/23,600815,4.09,4.11,3.94,3.99,7426660,29826776
2013/8/26,600815,3.99,4.06,3.97,4.06,5375782,21672282
2013/8/27,600815,4.05,4.12,4.05,4.1,7066831,28891536
2013/8/28,600815,4.08,4.14,4.05,4.11,9847017,40297656
2013/8/29,600815,4.11,4.12,4.06,4.11,6822730,27933126
2013/8/30,600815,4.12,4.37,4.1,4.33,33197813,141968160
2013/9/2,600815,4.31,4.64,4.13,4.42,38898599,169549216
2013/9/3,600815,4.35,4.52,4.27,4.41,23830351,105285056
2013/9/4,600815,4.4,4.45,4.34,4.38,12030404,52688604
2013/9/5,600815,4.36,4.38,4.27,4.29,8927539,38466068
2013/9/6,600815,4.27,4.36,4.26,4.31,7360782,31708544
2013/9/9,600815,4.31,4.46,4.31,4.4,12546572,55210564
2013/9/10,600815,4.45,4.56,4.41,4.51,19395869,87017256
2013/9/11,600815,4.52,4.83,4.52,4.68,38982129,182448080
2013/9/12,600815,4.65,4.66,4.56,4.57,16951036,77818656
2013/9/13,600815,4.57,4.59,4.43,4.47,11841581,53142556
2013/9/16,600815,4.49,4.51,4.43,4.45,8201787,36663728
2013/9/17,600815,4.46,4.72,4.4,4.47,20650308,93653752
2013/9/18,600815,4.4,4.47,4.38,4.42,8720559,38518360
2013/9/23,600815,4.42,4.48,4.4,4.47,8634591,38368696
2013/9/24,600815,4.47,4.47,4.37,4.4,8603165,37850936
2013/9/25,600815,4.4,4.42,4.35,4.35,7427861,32526548
2013/9/26,600815,4.31,4.37,4.17,4.18,8812460,37442912
2013/9/27,600815,4.17,4.24,4.16,4.18,4539220,19059868
2013/9/30,600815,4.2,4.27,4.19,4.24,3009832,12690044
2013/10/8,600815,4.24,4.29,4.18,4.29,6072689,25910340
2013/10/9,600815,4.29,4.43,4.24,4.4,11206777,48763228
2013/10/10,600815,4.43,4.55,4.36,4.37,11833163,52543876
2013/10/11,600815,4.37,4.44,4.35,4.4,7639834,33582380
2013/10/14,600815,4.42,4.5,4.37,4.44,9004319,40057628
2013/10/15,600815,4.45,4.64,4.37,4.57,18604057,83913160
2013/10/16,600815,4.51,4.52,4.3,4.33,14418907,63538304
2013/10/17,600815,4.34,4.41,4.3,4.32,7977842,34727080
2013/10/18,600815,4.33,4.37,4.27,4.28,4792730,20719260
2013/10/21,600815,4.3,4.36,4.25,4.35,5198425,22459332
2013/10/22,600815,4.36,4.42,4.3,4.37,7932481,34728556
2013/10/23,600815,4.4,4.56,4.26,4.49,20906063,92730272
2013/10/24,600815,4.65,4.79,4.5,4.54,46503216,215322400
2013/10/25,600815,4.46,4.54,4.28,4.33,16360956,71816992
2013/10/28,600815,4.35,4.37,4.28,4.31,6151727,26528836
2013/10/29,600815,4.3,4.37,3.99,4.1,12673950,52922284
2013/10/30,600815,4.07,4.2,4.06,4.19,6365058,26234232
2013/10/31,600815,4.14,4.14,4.05,4.07,7784636,31767868
2013/11/1,600815,4.05,4.08,4.01,4.07,4789510,19340142
2013/11/4,600815,4.06,4.11,4.05,4.1,4314485,17613792
2013/11/5,600815,4.08,4.15,4.03,4.13,5020366,20554768
2013/11/6,600815,4.13,4.18,4.1,4.17,7046172,29182722
2013/11/7,600815,4.14,4.24,4.12,4.21,7573217,31656208
2013/11/8,600815,4.17,4.25,4.15,4.18,6238872,26257364
2013/11/11,600815,4.15,4.2,4.08,4.18,3430051,14196457
2013/11/12,600815,4.15,4.25,4.15,4.23,6046405,25502736
2013/11/13,600815,4.23,4.3,4.09,4.2,9447482,39843224
2013/11/14,600815,4.13,4.18,4.06,4.16,6416958,26436120
2013/11/15,600815,4.16,4.25,4.13,4.19,7966891,33477988
2013/11/18,600815,4.2,4.29,4.19,4.29,8337603,35479624
2013/11/19,600815,4.3,4.31,4.22,4.27,7952962,33925172
2013/11/20,600815,4.27,4.38,4.24,4.36,12462557,53759984
2013/11/21,600815,4.31,4.37,4.27,4.31,8622472,37249712
2013/11/22,600815,4.31,4.37,4.28,4.33,6577228,28388724
2013/11/25,600815,4.3,4.38,4.29,4.32,5812633,25256318
2013/11/26,600815,4.37,4.45,4.3,4.31,6864731,29903768
2013/11/27,600815,4.29,4.34,4.25,4.32,5919205,25399876
2013/11/28,600815,4.27,4.4,4.27,4.36,11850382,51457144
2013/11/29,600815,4.36,4.37,4.31,4.32,5592310,24226722
2013/12/2,600815,4.24,4.29,4.07,4.07,11353165,47367472
2013/12/3,600815,4.06,4.17,4.05,4.15,5775836,23846480
2013/12/4,600815,4.13,4.35,4.12,4.24,12950880,54963052
2013/12/5,600815,4.22,4.32,4.21,4.25,9373245,39902732
2013/12/6,600815,4.25,4.27,4.21,4.22,5310148,22472116
2013/12/9,600815,4.22,4.26,4.21,4.23,4377235,18548564
2013/12/10,600815,4.23,4.27,4.18,4.2,6483161,27365524
2013/12/11,600815,4.2,4.22,4.11,4.13,6774561,28044584
2013/12/12,600815,4.13,4.17,4.11,4.13,4376172,18121644
2013/12/13,600815,4.12,4.16,4.12,4.15,2152577,8908976
2013/12/16,600815,4.18,4.19,4,4.06,7110280,29005912
2013/12/17,600815,4.03,4.07,4,4.03,3300019,13302379
2013/12/18,600815,4.03,4.05,4.01,4.04,2865668,11546108
2013/12/19,600815,4.06,4.07,4,4.01,2310211,9299071
2013/12/20,600815,4.01,4.03,3.85,3.9,5113037,20095660
2013/12/23,600815,3.9,3.92,3.86,3.88,2560404,9964907
2013/12/24,600815,3.88,3.94,3.86,3.9,2294406,8966937
2013/12/25,600815,3.92,3.93,3.88,3.92,1791331,6995247
2013/12/26,600815,3.93,3.93,3.81,3.82,3133229,12053287
2013/12/27,600815,3.85,3.89,3.82,3.88,1665609,6419543
2013/12/30,600815,3.92,4.05,3.9,3.97,5967043,23793164
2013/12/31,600815,3.96,3.99,3.94,3.97,2518879,9977495
2014/1/2,600815,3.95,3.98,3.91,3.93,2388920,9413436
2014/1/3,600815,3.93,3.95,3.85,3.87,2550654,9896691
2014/1/6,600815,3.88,3.89,3.7,3.71,4514822,16989914
2014/1/7,600815,3.71,3.75,3.69,3.72,2217302,8242797
2014/1/8,600815,3.74,3.75,3.67,3.68,2206958,8192140
2014/1/9,600815,3.68,3.7,3.59,3.6,3243415,11873394
2014/1/10,600815,3.57,3.6,3.5,3.52,3783956,13386274
2014/1/13,600815,3.5,3.56,3.49,3.5,1991800,7001041
2014/1/14,600815,3.5,3.58,3.49,3.57,2182886,7736421
2014/1/15,600815,3.58,3.59,3.55,3.57,1733839,6189799
2014/1/16,600815,3.58,3.61,3.55,3.58,2280475,8167286
2014/1/17,600815,3.57,3.57,3.52,3.52,1641407,5804084
2014/1/20,600815,3.52,3.53,3.49,3.51,1727587,6065052
2014/1/21,600815,3.52,3.55,3.51,3.55,1477993,5228600
2014/1/22,600815,3.55,3.64,3.55,3.63,4333923,15611051
2014/1/23,600815,3.64,3.64,3.6,3.62,2778257,10059165
2014/1/24,600815,3.63,3.69,3.62,3.64,3094703,11315512
2014/1/27,600815,3.62,3.72,3.62,3.64,4404819,16193969
2014/1/28,600815,3.64,3.66,3.6,3.61,2527023,9175477
2014/1/29,600815,3.61,3.64,3.6,3.61,1927476,6978612
2014/1/30,600815,3.56,3.56,3.51,3.53,4357942,15371393
2014/2/7,600815,3.55,3.56,3.5,3.55,2237291,7910752
2014/2/10,600815,3.56,3.66,3.56,3.65,4497381,16312598
2014/2/11,600815,3.66,3.75,3.64,3.72,6046504,22345724
2014/2/12,600815,3.71,3.71,3.66,3.71,4312270,15890423
2014/2/13,600815,3.71,3.74,3.6,3.68,5255154,19379314
2014/2/14,600815,3.68,3.77,3.66,3.76,8859155,32943624
2014/2/17,600815,3.76,3.79,3.72,3.79,6561864,24656442
2014/2/18,600815,3.78,3.78,3.69,3.7,5116782,19046616
2014/2/19,600815,3.69,3.75,3.68,3.75,5160261,19195944
2014/2/20,600815,3.75,3.84,3.73,3.75,8402261,31779810
2014/2/21,600815,3.74,3.77,3.67,3.69,5686098,21086136
2014/2/24,600815,3.67,3.67,3.55,3.57,5354217,19180276
2014/2/25,600815,3.57,3.6,3.49,3.5,4124181,14626029
2014/2/26,600815,3.5,3.6,3.47,3.55,4071063,14318156
2014/2/27,600815,3.58,3.64,3.53,3.61,4739607,17049020
2014/2/28,600815,3.58,3.61,3.55,3.6,3286778,11767423
2014/3/3,600815,3.6,3.62,3.55,3.58,5052331,18112158
2014/3/4,600815,3.56,3.58,3.52,3.56,4471492,15874942
2014/3/5,600815,3.56,3.59,3.52,3.55,3691749,13106266
2014/3/6,600815,3.53,3.54,3.45,3.52,5496765,19262792
2014/3/7,600815,3.52,3.53,3.44,3.45,6641318,23102304
2014/3/10,600815,3.4,3.43,3.3,3.3,7547508,25433640
2014/3/11,600815,3.3,3.34,3.28,3.32,3460246,11453980
2014/3/12,600815,3.32,3.37,3.31,3.34,2895759,9648096
2014/3/13,600815,3.34,3.4,3.32,3.37,3848464,12957421
2014/3/14,600815,3.39,3.53,3.39,3.44,12970632,45005308
2014/3/17,600815,3.38,3.43,3.36,3.41,5700225,19323460
2014/3/18,600815,3.41,3.42,3.35,3.39,4519406,15311489
2014/3/19,600815,3.4,3.43,3.36,3.42,4006159,13599788
2014/3/20,600815,3.4,3.44,3.32,3.33,4726389,15982268
2014/3/21,600815,3.32,3.43,3.29,3.42,5048389,17046290
2014/3/24,600815,3.41,3.5,3.38,3.48,6881099,23832912
2014/3/25,600815,3.48,3.49,3.44,3.46,4139452,14343060
2014/3/26,600815,3.46,3.48,3.42,3.45,3112777,10728414
2014/3/27,600815,3.43,3.48,3.41,3.42,4369273,15074802
2014/3/28,600815,3.44,3.46,3.41,3.43,2641635,9078125
2014/3/31,600815,3.42,3.45,3.37,3.39,3448626,11718394
2014/4/1,600815,3.4,3.43,3.39,3.42,2559091,8734011
2014/4/2,600815,3.42,3.51,3.41,3.48,5964079,20724060
2014/4/3,600815,3.47,3.5,3.44,3.46,3843549,13358978
2014/4/4,600815,3.43,3.49,3.43,3.48,2820082,9781606
2014/4/8,600815,3.48,3.52,3.46,3.52,4074695,14263343
2014/4/9,600815,3.51,3.54,3.49,3.53,4147213,14565313
2014/4/10,600815,3.53,3.58,3.5,3.54,6777407,23929816
2014/4/11,600815,3.53,3.53,3.49,3.49,3530212,12361766
2014/4/14,600815,3.49,3.58,3.47,3.58,9366552,33214004
2014/4/15,600815,3.55,3.57,3.52,3.53,5005167,17729292
2014/4/16,600815,3.53,3.65,3.51,3.58,11203088,40267672
2014/4/17,600815,3.56,3.62,3.55,3.61,9982669,35806088
2014/4/18,600815,3.61,3.61,3.55,3.58,4152599,14835875
2014/4/21,600815,3.56,3.56,3.51,3.52,4229195,14965279
2014/4/22,600815,3.52,3.61,3.52,3.59,7254049,25972876
2014/4/23,600815,3.6,3.6,3.54,3.57,4453201,15924800
2014/4/24,600815,3.57,3.58,3.49,3.55,3794927,13471692
2014/4/25,600815,3.53,3.55,3.48,3.49,4953366,17379804
2014/4/28,600815,3.49,3.52,3.37,3.38,4292361,14688871
2014/4/29,600815,3.38,3.48,3.38,3.46,3328994,11360505
2014/4/30,600815,3.46,3.47,3.39,3.45,3472369,11896624
2014/5/5,600815,3.44,3.46,3.39,3.46,3228704,11049300
2014/5/6,600815,3.45,3.47,3.43,3.44,2448930,8438466
2014/5/7,600815,3.43,3.49,3.4,3.42,3744996,12875247
2014/5/8,600815,3.44,3.48,3.4,3.44,2767035,9540571
2014/5/9,600815,3.44,3.46,3.42,3.45,2022096,6963034
2014/5/12,600815,3.48,3.63,3.44,3.61,13310027,47696308
2014/5/13,600815,3.6,3.75,3.6,3.71,24324802,90043616
2014/5/14,600815,3.72,3.73,3.64,3.67,8361060,30745760
2014/5/15,600815,3.67,3.81,3.64,3.8,25654244,96444032
2014/5/16,600815,3.8,3.99,3.77,3.92,36023219,141068944
2014/5/19,600815,3.93,3.94,3.79,3.84,18839477,72452408
2014/5/20,600815,3.85,3.86,3.73,3.77,18710703,70620752
2014/5/21,600815,3.75,3.82,3.73,3.78,11059851,41735440
2014/5/22,600815,3.76,3.82,3.71,3.74,12441840,46715672
2014/5/23,600815,3.74,3.74,3.68,3.73,9314305,34556932
2014/5/26,600815,3.74,3.75,3.69,3.71,8058022,29918782
2014/5/27,600815,3.7,3.74,3.69,3.7,5721096,21209030
2014/5/28,600815,3.71,3.74,3.66,3.74,7187346,26614664
2014/5/29,600815,3.73,3.75,3.63,3.64,11121046,40805544
2014/5/30,600815,3.66,3.66,3.61,3.61,4646833,16875562
2014/6/3,600815,3.62,3.71,3.62,3.69,7108913,26189924
2014/6/4,600815,3.67,3.72,3.6,3.64,5065667,18492754
2014/6/5,600815,3.62,3.67,3.59,3.66,5140889,18669804
2014/6/6,600815,3.67,3.67,3.63,3.64,2897442,10567907
2014/6/9,600815,3.58,3.65,3.55,3.59,5255660,18885462
2014/6/10,600815,3.6,3.64,3.57,3.63,3265755,11784141
2014/6/11,600815,3.63,3.63,3.58,3.59,2837655,10220718
2014/6/12,600815,3.59,3.63,3.58,3.62,3436319,12394509
2014/6/13,600815,3.61,3.63,3.56,3.63,6053527,21782804
2014/6/16,600815,3.63,3.66,3.6,3.64,3802597,13763584
2014/6/17,600815,3.61,3.64,3.59,3.59,3597505,12995733
2014/6/18,600815,3.58,3.61,3.48,3.5,6527602,23054374
2014/6/19,600815,3.49,3.55,3.4,3.43,5036288,17529642
2014/6/20,600815,3.43,3.6,3.43,3.59,8392034,29660968
2014/6/23,600815,3.51,3.56,3.43,3.54,5218250,18345752
2014/6/24,600815,3.52,3.55,3.51,3.54,1967494,6938192
2014/6/25,600815,3.53,3.63,3.52,3.55,5318144,19004546
2014/6/26,600815,3.55,3.62,3.54,3.61,6437792,23138720
2014/6/27,600815,3.6,3.66,3.59,3.63,5238607,19056680
2014/6/30,600815,3.68,3.68,3.62,3.65,6176304,22537076
2014/7/1,600815,3.65,3.67,3.6,3.67,6515569,23656478
2014/7/2,600815,3.66,3.69,3.64,3.66,4638131,16988122
2014/7/3,600815,3.69,3.69,3.65,3.69,6179718,22705806
2014/7/4,600815,3.7,3.82,3.68,3.76,11623450,43774192
2014/7/7,600815,3.73,3.78,3.67,3.72,7099251,26341886
2014/7/8,600815,3.72,3.78,3.7,3.75,7117946,26627980
2014/7/9,600815,3.78,3.78,3.68,3.68,5848276,21703936
2014/7/10,600815,3.68,3.95,3.66,3.91,20590307,79508192
2014/7/11,600815,3.91,3.95,3.83,3.9,13621736,53213816
2014/7/14,600815,3.91,3.93,3.85,3.92,7704802,30052418
2014/7/15,600815,3.92,4.11,3.91,4.03,25368143,102766848
2014/7/16,600815,4.07,4.17,4.03,4.11,26664528,109593976
2014/7/17,600815,4.11,4.11,3.96,3.99,13493758,54320268
2014/7/18,600815,3.95,4.1,3.93,4.05,9850168,39874792
2014/7/21,600815,4.03,4.39,4.02,4.18,37017608,155961600
2014/7/22,600815,4.21,4.48,4.17,4.38,46603226,203437104
2014/7/23,600815,4.35,4.55,4.24,4.41,39293846,172584608
2014/7/24,600815,4.28,4.43,4.14,4.35,37591071,161331728
2014/7/25,600815,4.35,4.37,4.24,4.36,18907796,81224168
2014/7/28,600815,4.35,4.42,4.29,4.33,25639822,111365360
2014/7/29,600815,4.34,4.51,4.29,4.4,34974516,154156512
2014/7/30,600815,4.38,4.64,4.37,4.5,39652141,178752128
2014/7/31,600815,4.5,4.56,4.42,4.5,17896140,80239080
2014/8/1,600815,4.5,4.68,4.47,4.53,30121367,137259840
2014/8/4,600815,4.5,4.6,4.45,4.59,22504190,102108968
2014/8/5,600815,4.58,4.58,4.45,4.5,19239820,86643200
2014/8/6,600815,4.5,4.57,4.46,4.48,21016689,94907904
2014/8/7,600815,4.49,4.5,4.31,4.35,20082099,88099000
2014/8/8,600815,4.35,4.51,4.33,4.5,22261914,99066376
2014/8/11,600815,4.55,4.6,4.5,4.52,19181977,87117888
2014/8/12,600815,4.52,4.53,4.43,4.46,9883773,44090440
2014/8/13,600815,4.44,4.49,4.42,4.48,7448251,33236532
2014/8/14,600815,4.48,4.57,4.47,4.5,14025371,63562272
2014/8/15,600815,4.52,4.55,4.46,4.51,9487482,42909096
2014/8/18,600815,4.52,4.58,4.5,4.54,10213981,46321284
2014/8/19,600815,4.53,4.54,4.47,4.49,12203962,54981416
2014/8/20,600815,4.49,4.55,4.43,4.55,13111824,58897044
2014/8/21,600815,4.54,4.97,4.4,4.86,44829467,212170928
2014/8/22,600815,4.85,4.89,4.72,4.87,16518707,79384144
2014/8/25,600815,4.88,5.04,4.8,4.88,22840186,112506704
2014/8/26,600815,4.84,4.94,4.59,4.64,23229122,109846456
2014/8/27,600815,4.63,4.74,4.57,4.73,13364763,62425284
2014/8/28,600815,4.7,4.75,4.61,4.7,7266228,34028656
2014/8/29,600815,4.68,4.89,4.66,4.86,8573908,40776620
2014/9/1,600815,4.84,4.96,4.8,4.95,18332508,89528736
2014/9/2,600815,4.91,5.12,4.89,5.06,36327299,182285312
2014/9/3,600815,5.05,5.14,5,5.08,16119604,81644144
2014/9/4,600815,5.07,5.12,4.98,5.08,20610779,104184952
2014/9/5,600815,5.08,5.09,4.99,5.03,10948331,55050376
2014/9/9,600815,5.01,5.4,5.01,5.3,27087576,142902944
2014/9/10,600815,5.34,5.8,5.23,5.58,41047435,227252352
2014/9/11,600815,5.58,5.64,5.39,5.52,22776657,125959608
2014/9/12,600815,5.62,5.74,5.53,5.7,21018650,119088312
2014/9/15,600815,5.7,5.85,5.61,5.63,22158766,126082696
2014/9/16,600815,5.71,5.71,5.36,5.45,20044148,111652592
2014/9/17,600815,5.5,5.66,5.35,5.57,14859403,82095928
2014/9/18,600815,5.52,5.63,5.48,5.58,8863319,49297580
2014/9/19,600815,5.57,5.65,5.52,5.58,9589888,53597748
2014/9/22,600815,5.66,5.69,5.45,5.59,15614874,87036688
2014/9/23,600815,5.55,5.63,5.48,5.6,14866152,82832000
2014/9/24,600815,5.59,5.78,5.54,5.69,13756105,77921344
2014/9/25,600815,5.68,5.88,5.5,5.63,25712981,147073664
2014/9/26,600815,5.59,5.81,5.49,5.75,16822441,95120960
2014/9/29,600815,5.75,6.13,5.75,6.02,27576528,163850224
2014/9/30,600815,6.07,6.25,5.9,6.2,24931268,152998192
2014/10/8,600815,6.2,6.48,6.11,6.37,23964213,151664688
2014/10/9,600815,6.4,6.58,6.3,6.47,25831829,166226240
2014/10/10,600815,6.46,6.49,6.28,6.3,24143774,153528880
2014/10/13,600815,6.26,6.35,6.17,6.3,12850002,80415504
2014/10/14,600815,6.25,6.38,6.21,6.25,14280855,90043544
2014/10/15,600815,6.26,6.32,6.18,6.24,13884319,86583400
2014/10/16,600815,6.24,6.25,6,6.02,14347325,88694784
2014/10/17,600815,6,6.1,5.7,5.88,23541725,138188544
2014/10/20,600815,5.88,6.47,5.85,6.38,29154827,181529920
2014/10/21,600815,6.38,6.44,6.2,6.28,22312945,140918176
2014/10/22,600815,6.24,6.4,6.06,6.09,16972939,106037000
2014/10/23,600815,6.09,6.13,5.93,6.04,12018485,72534800
2014/10/24,600815,6,6.34,6,6.17,19054608,118202016
2014/10/27,600815,6.07,6.15,5.84,5.93,18532574,110406888
2014/10/28,600815,5.94,6.04,5.91,6,12410700,74335504
2014/10/29,600815,6.01,6.32,6.01,6.22,33341267,207268896
2014/10/30,600815,6.17,6.17,6.04,6.11,23657105,144207712
2014/10/31,600815,6.09,6.1,5.98,5.99,16403971,98916936
2014/11/3,600815,6.12,6.24,6,6.12,21149517,129387584
2014/11/4,600815,6.12,6.54,6.09,6.31,47631454,302803616
2014/11/5,600815,6.43,6.5,6.15,6.17,23833237,149402000
2014/11/6,600815,6.09,6.15,5.81,5.98,34501487,205613952
2014/11/7,600815,5.95,6.02,5.87,5.91,16581571,98204264
2014/11/10,600815,5.91,5.97,5.81,5.91,12772744,75315280
2014/11/11,600815,5.9,5.91,5.59,5.69,18841595,108206872
2014/11/12,600815,5.71,5.79,5.6,5.79,10386469,59081192
2014/11/13,600815,5.77,5.77,5.62,5.66,13129233,74831928
2014/11/14,600815,5.62,5.65,5.52,5.62,12216143,68361992
2014/11/17,600815,5.63,5.8,5.62,5.73,11070530,63638504
2014/11/18,600815,5.78,5.87,5.71,5.83,9057582,52300536
2014/11/19,600815,5.8,5.84,5.74,5.78,3975984,23021572
2014/12/8,600815,6.36,6.36,6.36,6.36,879724,5595045
2014/12/9,600815,7,7,7,7,1622071,11354497
2014/12/10,600815,7.7,7.7,7.7,7.7,15873657,122227160
2014/12/11,600815,8.45,8.47,7.98,8.47,140313768,1153894016
2014/12/12,600815,8.5,8.57,8.13,8.21,65307306,542432128
2014/12/15,600815,8,9,7.9,8.75,78279476,661339840
2014/12/16,600815,8.72,9.63,8.51,9.63,107078880,1000651200
2014/12/17,600815,9.55,10.49,9.38,10.07,100846824,1016038848
2014/12/18,600815,9.97,10.36,9.82,10.02,54646807,550638336
2014/12/19,600815,9.9,10.18,9.36,9.92,67386863,659344512
2014/12/22,600815,9.8,9.8,8.93,8.93,52231559,481117568
2014/12/23,600815,8.77,9.18,8.52,8.53,34880234,306771744
2014/12/24,600815,8.67,9.09,8.51,8.89,34880316,306446912
2014/12/25,600815,8.8,9.68,8.78,9.48,51688883,483689952
2014/12/26,600815,9.67,9.8,9.21,9.34,50414281,476755136
2014/12/29,600815,9.26,9.38,8.92,9.1,34347124,312715520
2014/12/30,600815,9.08,9.08,8.53,8.77,26169649,229116608
2014/12/31,600815,8.69,9.08,8.63,8.9,30365957,269465440
2015/1/5,600815,8.87,8.9,8.63,8.8,28211329,247641328
2015/1/6,600815,8.77,8.88,8.43,8.71,29898010,259172384
2015/1/7,600815,8.66,8.84,8.6,8.78,20120112,175943776
2015/1/8,600815,8.72,8.77,8.5,8.53,18231157,156607968
2015/1/9,600815,8.43,8.62,8.37,8.41,18000972,152697056
2015/1/12,600815,8.3,8.38,8,8.03,19625146,159743872
2015/1/13,600815,8,8.19,7.97,8.09,12407391,100087224
2015/1/14,600815,8.11,8.15,7.88,7.96,13290402,106018040
2015/1/15,600815,7.96,8.3,7.96,8.26,17769510,144935408
2015/1/16,600815,8.27,8.31,8.05,8.21,16208939,132422208
2015/1/19,600815,7.96,8.13,7.5,7.86,19848192,156681520
2015/1/20,600815,7.86,8.11,7.85,8.1,15129219,121225480
2015/1/21,600815,8.12,8.75,8.11,8.63,37406276,317827840
2015/1/22,600815,8.59,8.98,8.52,8.78,33465171,292740160
2015/1/23,600815,8.8,8.84,8.49,8.55,19359284,167061952
2015/1/26,600815,8.55,8.66,8.52,8.64,17020949,146474064
2015/1/27,600815,8.63,8.75,8.48,8.74,19210124,165228416
2015/1/28,600815,8.76,8.95,8.69,8.73,23025722,203439168
2015/1/29,600815,8.6,8.64,8.45,8.46,15871750,135258592
2015/1/30,600815,8.42,8.52,8.29,8.47,12030564,101039576
2015/2/2,600815,8.34,8.49,8.3,8.43,9072176,76140520
2015/2/3,600815,8.45,8.68,8.43,8.54,12511030,106899288
2015/2/4,600815,8.52,8.74,8.46,8.48,18799845,161854528
2015/2/5,600815,8.56,8.67,8.43,8.52,14534322,124168240
2015/2/6,600815,8.48,8.52,8.25,8.3,11027965,92298120
2015/2/9,600815,8.44,8.51,8.24,8.27,8256082,69270224
2015/2/10,600815,8.22,8.43,8.13,8.41,9490744,78284032
2015/2/11,600815,8.38,8.85,8.31,8.8,23270264,201567536
2015/2/12,600815,8.8,8.88,8.65,8.75,15321077,134558416
2015/2/13,600815,8.75,8.88,8.67,8.76,15197537,133566728
2015/2/16,600815,8.77,9.1,8.72,8.93,20789084,186246096
2015/2/17,600815,8.97,9.3,8.91,9.27,26089498,239952064
2015/2/25,600815,9.25,9.42,9.07,9.11,18431101,170152320
2015/2/26,600815,9.13,9.37,9.11,9.28,18680732,172738048
2015/2/27,600815,9.33,9.44,9.21,9.24,15705930,145947664
2015/3/2,600815,9.26,9.3,9.07,9.1,22568060,206176288
2015/3/3,600815,9.13,9.5,9.02,9.49,36983704,342485664
2015/3/4,600815,9.49,9.62,9.36,9.45,25425036,241056528
2015/3/5,600815,9.4,9.51,9.18,9.3,18541200,172864064
2015/3/6,600815,9.32,9.38,8.91,8.95,25440729,231746592
2015/3/9,600815,8.93,9.17,8.9,9.11,11898211,108139912
2015/3/10,600815,9.11,9.48,9.05,9.39,23952128,223353088
2015/3/11,600815,9.35,9.45,9.16,9.27,16178107,149874976
2015/3/12,600815,9.25,9.3,9.13,9.16,11200572,102858288
2015/3/13,600815,9.24,9.38,9.14,9.26,12823869,118504072
2015/3/16,600815,9.35,9.98,9.35,9.87,39633527,384136576
2015/3/17,600815,9.87,10.16,9.79,10.01,36364565,363996704
2015/3/18,600815,10.02,10.16,9.8,10.04,33521523,334703040
2015/3/19,600815,10.07,11.04,9.91,11.04,61647325,648921088
2015/3/20,600815,11.12,11.33,10.85,11.17,52726947,583301760
2015/3/23,600815,11.4,11.49,11.05,11.19,38653129,433628416
2015/3/24,600815,11.18,11.27,10.62,10.94,43716358,479692800
2015/3/25,600815,11.03,11.38,10.88,11.07,35749720,396504352
2015/3/26,600815,11.41,12.18,11.41,12.18,55200883,661585280
2015/3/27,600815,12.99,13.4,12.75,12.79,111336187,1461042944
2015/3/30,600815,12.9,13.96,12.79,13.44,91176064,1217094272
2015/3/31,600815,13.02,13.27,12.59,12.77,70711022,910484608
2015/4/1,600815,12.77,13.09,12.56,12.93,34416049,442359264
2015/4/2,600815,12.99,13.01,12.55,12.67,39171809,497625312
2015/4/3,600815,12.6,12.95,12.48,12.84,34515812,441202528
2015/4/7,600815,12.75,13.09,12.75,12.91,32231572,415948096
2015/4/8,600815,12.91,13.83,12.8,13.69,61394249,827716160
2015/4/9,600815,13.68,13.97,12.83,13.3,45552682,607669504
2015/4/10,600815,13.2,13.7,13.03,13.47,36836964,496229664
2015/4/13,600815,13.45,13.8,12.96,13.49,43043250,574371072
2015/4/14,600815,13.5,14.69,13.49,14.27,54560986,778622400
2015/4/15,600815,14.19,14.19,13.4,13.54,33638233,463385600
2015/4/16,600815,13.46,13.82,12.7,13.46,25910468,346226368
2015/4/17,600815,13.54,14.29,13.4,13.87,45138608,623404160
2015/4/20,600815,13.74,14.4,13.35,13.76,57211182,795481536
2015/4/21,600815,13.91,14.98,13.71,14.7,62268764,896199232
2015/4/22,600815,14.71,15.58,14.5,15.08,54901584,833677696
2015/4/23,600815,15.26,15.42,14.82,14.99,41060350,617028032
2015/4/24,600815,14.71,15.4,14.01,15.3,42544608,638379968
2015/4/27,600815,15.43,15.69,14.8,15.12,40592705,617343232
2015/4/28,600815,15.1,15.1,14.01,14.04,40521587,584452480
2015/4/29,600815,14.07,14.38,13.64,14.12,25976862,364833024
2015/4/30,600815,14.16,14.38,14,14.1,21522905,304417472
2015/5/4,600815,14.1,14.25,13.72,13.99,18270914,254963136
2015/5/5,600815,13.93,13.95,13.05,13.23,25421388,342612064
2015/5/6,600815,13.2,13.43,12.55,12.75,23273354,302136224
2015/5/7,600815,12.51,12.74,11.87,11.89,23217085,284375008
2015/5/8,600815,12,12.65,12,12.63,27212484,335460736
2015/5/11,600815,12.85,13.09,12.5,13.01,22337766,287898560
2015/5/12,600815,13.1,13.58,13.02,13.32,24705365,328227040
2015/5/13,600815,13.41,13.55,13.08,13.37,27526467,367226400
2015/5/14,600815,13.72,14.71,13.72,14.71,44656062,645952512
2015/5/15,600815,15.63,15.63,14,15,56230221,845712832
2015/5/18,600815,14.89,16.5,14.62,16.46,58269632,900454400
2015/5/19,600815,15.98,17.83,15.85,16.87,63247397,1051883264
2015/5/20,600815,16.76,17.44,16.3,16.34,47895887,803763520
2015/5/21,600815,16.2,16.71,15.71,16.41,40258782,651030528
2015/5/22,600815,16.43,17.42,16.43,16.8,39364685,666631872
2015/5/25,600815,16.45,17.19,16.3,16.98,47138547,796040256
2015/5/26,600815,17.12,17.78,16.92,17.68,52600778,913964608
2015/5/27,600815,17.71,19.12,17.2,18.91,50350174,918735424
2015/5/28,600815,18.93,19.89,17.02,17.02,67623596,1244710016
2015/5/29,600815,16.5,17.5,15.52,16.82,50838967,850562688
2015/6/1,600815,16.9,17.55,16.47,17.4,33504132,574249344
2015/6/2,600815,17.5,18.3,17.23,18,37849508,674461760
2015/6/3,600815,17.96,18.32,17.1,18.07,43659073,777238464
2015/6/4,600815,18,18.08,16.28,17.56,37317473,644244224
2015/6/5,600815,17.7,18,17.12,17.62,38408113,675928128
2015/6/8,600815,17.67,19.38,17.15,19.38,63290485,1153115392
2015/6/9,600815,19.5,20.92,18.45,19.94,74186117,1456683392
2015/6/10,600815,19.4,20.5,19.1,19.93,42227695,849526592
2015/6/11,600815,19.6,21.33,19.6,21.02,52874431,1087472768
2015/6/12,600815,21.01,23,20.87,22.49,53409177,1190067456
2015/6/15,600815,22.5,23.27,21.7,22.56,53697161,1204451200
2015/6/16,600815,22,22.75,21,22.44,44845835,991917120
2015/6/17,600815,22.3,22.46,20.28,21.69,37347492,803901504
2015/6/18,600815,21.6,22.77,21.2,21.23,32971833,723329856
2015/6/19,600815,20.37,20.99,19.11,19.11,27793921,554644992
2015/6/23,600815,18.5,19.1,17.2,18.08,32900584,590361088
2015/6/24,600815,18.6,19.89,17.9,19.89,39303278,745179584
2015/6/25,600815,20.02,20.99,18.8,19.69,44380554,898561344
2015/6/26,600815,18.68,19.47,17.72,17.72,32256557,591876160
2015/6/29,600815,18.4,18.59,15.95,16.89,51655936,894439616
2015/6/30,600815,17.01,18.5,15.28,18.44,41489527,703693696
2015/7/1,600815,18.5,19.29,17,17.15,40581977,751315648
2015/7/2,600815,17.21,17.58,15.44,15.44,40099200,656056832
2015/7/3,600815,14.01,15.68,13.9,13.9,33105761,471381760
2015/7/6,600815,15.28,15.28,12.51,12.51,36660501,498669408
2015/7/7,600815,11.26,11.27,11.26,11.26,5868800,66082864
2015/7/9,600815,10.13,12.39,10.13,12.39,86944548,975402752
2015/7/10,600815,12.03,13.63,11.95,13.63,84830234,1131375744
2015/7/13,600815,13.81,14.88,13.36,14.78,81374560,1160392960
2015/7/14,600815,14.29,14.88,13.42,13.46,75256043,1066955264
2015/7/15,600815,12.99,13,12.11,12.11,38035359,470086976
2015/7/16,600815,10.9,12.59,10.9,11.61,48127486,558601088
2015/7/17,600815,11.71,12.77,11.71,12.72,45640797,563907520
2015/7/20,600815,12.77,13.75,12.52,13.12,54237659,709968512
2015/7/21,600815,12.86,13.48,12.52,13.01,36159234,474575968
2015/7/22,600815,13.05,13.8,13,13.37,48076057,642869184
2015/7/23,600815,13.6,14.46,13.4,14.12,55758353,775244800
2015/7/24,600815,14.18,14.99,13.82,14.13,62204849,892236800
2015/7/27,600815,13.7,14.44,12.72,12.72,49333404,674808832
2015/7/28,600815,11.46,12.66,11.45,11.5,51616686,606409984
2015/7/29,600815,11.9,12.49,10.95,12.39,37924494,440899072
2015/7/30,600815,12.32,13.26,12.06,12.4,49081187,623497344
2015/7/31,600815,12.01,12.9,12,12.29,35462673,440264448
2015/8/3,600815,12.33,12.58,11.06,11.28,34262023,403641792
2015/8/4,600815,11.28,12.35,11.24,12.32,30229078,354866880
2015/8/5,600815,12.3,13.22,12.2,12.36,40887626,515037920
2015/8/6,600815,11.8,12.55,11.7,12.08,25311964,307457408
2015/8/7,600815,12.16,12.65,12.16,12.58,37389913,466589920
2015/8/10,600815,12.8,13.77,12.62,13.67,51830550,680736384
2015/8/11,600815,13.7,14.3,13.4,13.58,50418103,696510784
2015/8/12,600815,13.92,14.6,13.71,13.93,47914342,674910784
2015/8/13,600815,13.65,14.16,13.3,14.1,39773318,546949824
2015/8/14,600815,14.48,14.93,14.13,14.43,51939323,754982464
2015/8/17,600815,14.45,14.78,14.23,14.62,41097890,598537024
2015/8/18,600815,14.61,14.75,13.16,13.16,39460986,547471360
2015/8/19,600815,12.5,13.38,11.84,13.11,46832805,584806976
2015/8/20,600815,12.61,13.04,12.1,12.14,28341682,356481472
2015/8/21,600815,11.9,12.3,11.2,11.47,30290138,358047712
2015/8/24,600815,10.65,11.2,10.32,10.32,17473196,182346928
2015/8/25,600815,9.29,9.44,9.29,9.29,15132407,140711552
2015/8/26,600815,8.78,9.51,8.36,8.36,50378766,436829696
2015/8/27,600815,8.39,8.8,7.53,8.37,33787671,276853792
2015/8/28,600815,8.54,9.2,8.34,9.16,36204185,316767968
2015/8/31,600815,8.95,9,8.24,8.24,26080014,224909200
2015/9/1,600815,8.18,8.19,7.42,7.42,24580073,185898480
2015/9/2,600815,6.68,7.64,6.68,6.68,36674959,252825008
2015/9/7,600815,6.87,7.23,6.68,6.82,28505126,198606432
2015/9/8,600815,6.66,7.39,6.65,7.34,23030673,162223360
2015/9/9,600815,7.38,8.07,7.34,8.07,36631188,283044608
2015/9/10,600815,7.98,8.53,7.78,7.93,39599868,324473568
2015/9/11,600815,7.9,8.72,7.81,8.72,34766548,286673024
2015/9/14,600815,8.74,8.85,7.85,7.85,33168900,275105824
2015/9/15,600815,7.4,7.5,7.07,7.07,25918848,186462176
2015/9/16,600815,7.16,7.78,7.04,7.78,26820675,197772768
2015/9/17,600815,7.87,8.25,7.42,7.49,33928452,268980512
2015/9/18,600815,7.65,7.87,7.44,7.66,18786670,143554656
2015/9/21,600815,7.82,8.25,7.6,8.2,27342624,219764352
2015/9/22,600815,8.12,8.28,7.95,8.11,29088702,236164848
2015/9/23,600815,7.9,8,7.71,7.78,22900323,179388976
2015/9/24,600815,7.9,7.99,7.71,7.91,16761606,131845752
2015/9/25,600815,7.85,7.94,7.31,7.4,18129987,137816544
2015/9/28,600815,7.4,7.5,7.11,7.48,14068189,103018888
2015/9/29,600815,7.26,7.34,7.11,7.18,11798907,85193952
2015/9/30,600815,7.27,7.66,7.18,7.4,16351688,121702264
2015/10/8,600815,7.7,7.89,7.5,7.69,18814763,145116912
2015/10/9,600815,7.7,8.07,7.66,7.91,22981967,181871568
2015/10/12,600815,7.99,8.7,7.92,8.58,37635300,314513728
2015/10/13,600815,8.42,8.74,8.36,8.67,28056160,240815312
2015/10/14,600815,8.8,8.98,8.45,8.47,31348838,273105888
2015/10/15,600815,8.4,8.89,8.35,8.8,28036554,242408976
2015/10/16,600815,8.92,9.54,8.82,9.24,42150103,383650080
2015/10/19,600815,9.19,9.31,8.88,9.13,32641956,296217664
2015/10/20,600815,9.06,9.5,9.05,9.43,26947459,251817632
2015/10/21,600815,9.44,9.53,8.49,8.51,36442138,326651136
2015/10/22,600815,8.53,9.1,8.38,9.07,25396551,220670816
2015/10/23,600815,9.18,9.31,8.85,9.18,25033024,227782512
2015/10/26,600815,9.27,9.58,9.1,9.35,32393810,302089632
2015/10/27,600815,9.28,9.47,8.8,9.43,31555757,287270272
2015/10/28,600815,9.34,9.99,9.15,9.23,51408824,491122048
2015/10/29,600815,9.29,9.48,9.11,9.29,26697272,247842928
2015/10/30,600815,9.2,9.34,8.88,9.03,22703060,207106864
2015/11/2,600815,8.85,9.07,8.51,8.54,22230248,195073008
2015/11/3,600815,8.75,9.17,8.59,8.74,32295432,285003584
2015/11/4,600815,9.01,9.61,9.01,9.61,51216819,483814624
2015/11/5,600815,9.98,10.53,9.68,9.83,119236454,1207622784
2015/11/6,600815,9.5,10.3,9.38,10.08,73093017,720150080
2015/11/9,600815,9.8,9.97,9.46,9.84,52659910,514796544
2015/11/10,600815,9.84,9.95,9.57,9.72,36905410,360458592
2015/11/11,600815,9.77,10.02,9.63,9.91,34625888,340287680
2015/11/12,600815,9.9,9.91,9.59,9.72,26895625,261266672
2015/11/13,600815,9.64,9.84,9.55,9.57,19603788,188963344
2015/11/16,600815,9.38,9.98,9.34,9.86,24929704,240914624
2015/11/17,600815,9.9,10.2,9.82,9.84,43726058,438100352
2015/11/18,600815,9.9,10.82,9.77,10.58,78231089,816070848
2015/11/19,600815,10.5,11.01,10.47,10.91,48519730,520691232
2015/11/20,600815,10.78,11.59,10.68,11.38,48242064,535482176
2015/11/23,600815,11.4,11.8,10.85,10.89,46585015,523290688
2015/11/24,600815,11.01,11.33,10.75,11.13,28379581,314079232
2015/11/25,600815,11.25,12.24,11.21,12.24,57004571,675666368
2015/11/26,600815,12,12.68,11.8,12.04,77103536,938745344
2015/11/27,600815,12,12.34,10.84,10.84,48476579,562182464
2015/11/30,600815,11.11,11.24,9.95,10.82,41636530,444616832
2015/12/1,600815,10.82,10.96,10.47,10.68,27119276,290672704
2015/12/2,600815,10.87,10.89,10.06,10.61,22838011,240283872
2015/12/3,600815,10.5,10.9,10.48,10.88,15837960,169633392
2015/12/4,600815,10.8,11.07,10.58,10.76,24688106,266710976
2015/12/7,600815,10.77,10.85,10.46,10.6,17644022,186878544
2015/12/8,600815,10.51,10.51,9.85,9.89,31003133,312656160
2015/12/9,600815,9.81,9.93,9.55,9.75,20029016,194335920
2015/12/10,600815,9.7,9.97,9.58,9.84,18244416,178544208
2015/12/11,600815,9.8,10.22,9.71,10.03,19342163,194818064
2015/12/14,600815,9.9,10.11,9.5,10.08,18073801,177385824
2015/12/15,600815,10.08,10.19,9.86,10.01,15775794,158180640
2015/12/16,600815,10.1,10.1,9.92,9.96,12384501,123800680
2015/12/17,600815,10,10.23,9.94,10.21,21844772,220743888
2015/12/18,600815,10.16,10.23,10,10.2,18207131,184375184
2015/12/21,600815,10.16,10.26,10.1,10.22,15411794,157023600
2015/12/22,600815,10.25,10.26,10.07,10.2,15400988,156682016
2015/12/23,600815,10.28,10.47,10.1,10.13,25871111,267373136
2015/12/24,600815,10.15,10.2,9.84,9.99,13578400,135722368
2015/12/25,600815,10,10.07,9.87,9.99,11567085,115222752
2015/12/28,600815,9.99,10.03,9.54,9.57,20279000,198652912
2015/12/29,600815,9.6,9.66,9.4,9.61,12895082,122970864
2015/12/30,600815,9.61,9.67,9.5,9.64,12623200,121050064
2015/12/31,600815,9.65,9.68,9.32,9.34,13108100,124471032
2016/1/4,600815,9.36,9.49,8.41,8.41,13787365,122897168
2016/1/5,600815,7.96,8.38,7.61,8.16,19945600,160578688
2016/1/6,600815,8.23,8.53,8.11,8.43,13603500,113123024
2016/1/7,600815,8.26,8.28,7.59,7.59,4282820,33589268
2016/1/8,600815,7.84,7.88,7,7.58,15612900,118472536
2016/1/11,600815,7.38,7.65,6.82,6.82,19879267,141812816
2016/1/12,600815,6.9,6.97,6.59,6.79,13715565,93037472
2016/1/13,600815,6.82,6.99,6.54,6.61,13194600,90106552
2016/1/14,600815,6.31,6.88,6.25,6.85,11735700,77637864
2016/1/15,600815,6.76,6.96,6.45,6.54,12161000,81710016
2016/1/18,600815,6.3,6.79,6.3,6.7,10471941,69457432
2016/1/19,600815,6.68,7.04,6.63,7,17219688,118780048
2016/1/20,600815,6.94,7.01,6.74,6.96,14574846,100607752
2016/1/21,600815,6.86,6.99,6.51,6.55,11830900,80493240
2016/1/22,600815,6.64,6.75,6.4,6.68,10080200,66441248
2016/1/25,600815,6.69,6.91,6.69,6.83,11235168,76431632
2016/1/26,600815,6.75,6.83,6.15,6.17,13082479,85113136
2016/1/27,600815,6.2,6.28,5.61,6.09,13102945,78263272
2016/1/28,600815,6,6.06,5.64,5.65,11332135,66562536
2016/1/29,600815,5.54,5.96,5.54,5.91,11267400,65403000
2016/2/1,600815,5.88,5.9,5.48,5.71,13651042,77792984
2016/2/2,600815,5.68,5.95,5.66,5.91,11614367,68167136
2016/2/3,600815,5.78,5.95,5.72,5.91,9163336,53351880
2016/2/4,600815,5.91,6.09,5.91,6.04,11342890,68212168
2016/2/5,600815,6.05,6.39,5.97,6.13,15841454,97468320
2016/2/15,600815,5.87,6.12,5.81,6.06,9917228,59236256
2016/2/16,600815,6.05,6.54,6.05,6.36,16912724,106725128
2016/2/17,600815,6.33,6.61,6.3,6.53,18911837,122584144
2016/2/18,600815,6.6,6.65,6.46,6.51,13954843,91292184
2016/2/19,600815,6.5,6.63,6.43,6.55,11736074,76512088
2016/2/22,600815,6.68,6.87,6.56,6.74,16993472,113506408
2016/2/23,600815,6.72,6.76,6.48,6.61,12471978,82527096
2016/2/24,600815,6.58,6.75,6.44,6.71,14061000,92696424
2016/2/25,600815,6.68,6.7,6.04,6.04,16937544,106837376
2016/2/26,600815,6.07,6.12,5.68,5.89,15024684,89096280
2016/2/29,600815,5.86,5.86,5.3,5.41,12521152,68485432
2016/3/1,600815,5.5,5.62,5.31,5.56,9599693,52679220
2016/3/2,600815,5.55,5.98,5.53,5.95,14250274,82076368
2016/3/3,600815,5.99,6.25,5.91,6.06,18693095,113267032
2016/3/4,600815,5.9,6.23,5.85,5.94,17975700,109240304
2016/3/7,600815,5.99,6.18,5.99,6.14,11600800,70694456
2016/3/8,600815,6.14,6.14,5.78,6.09,12217300,72831216
2016/3/9,600815,5.98,6.03,5.87,5.94,9828102,58614880
2016/3/10,600815,5.95,6.02,5.86,5.88,9406417,55939176
2016/3/11,600815,5.86,5.97,5.71,5.87,7322226,42713732
2016/3/15,600815,6.08,6.08,6.08,6.08,0,0
